{
    "logistic_regression": {
        "validation": {
            "precision": 0.7513043478260869,
            "f1": 0.8307692307692308,
            "recall": 0.9290322580645162,
            "confusion_matrix": [
                [
                    2562,
                    143
                ],
                [
                    33,
                    432
                ]
            ],
            "classification_report": "              precision    recall  f1-score   support\n\n           0       0.99      0.95      0.97      2705\n           1       0.75      0.93      0.83       465\n\n    accuracy                           0.94      3170\n   macro avg       0.87      0.94      0.90      3170\nweighted avg       0.95      0.94      0.95      3170\n"
        },
        "test": {
            "precision": 0.7575221238938054,
            "f1": 0.8310679611650486,
            "recall": 0.9204301075268817,
            "confusion_matrix": [
                [
                    2543,
                    137
                ],
                [
                    37,
                    428
                ]
            ],
            "classification_report": "              precision    recall  f1-score   support\n\n           0       0.99      0.95      0.97      2680\n           1       0.76      0.92      0.83       465\n\n    accuracy                           0.94      3145\n   macro avg       0.87      0.93      0.90      3145\nweighted avg       0.95      0.94      0.95      3145\n"
        }
    },
    "random_forest": {
        "validation": {
            "precision": 0.8826185101580135,
            "f1": 0.8612334801762115,
            "recall": 0.8408602150537634,
            "confusion_matrix": [
                [
                    2653,
                    52
                ],
                [
                    74,
                    391
                ]
            ],
            "classification_report": "              precision    recall  f1-score   support\n\n           0       0.97      0.98      0.98      2705\n           1       0.88      0.84      0.86       465\n\n    accuracy                           0.96      3170\n   macro avg       0.93      0.91      0.92      3170\nweighted avg       0.96      0.96      0.96      3170\n"
        },
        "test": {
            "precision": 0.8414376321353065,
            "f1": 0.8486140724946695,
            "recall": 0.8559139784946237,
            "confusion_matrix": [
                [
                    2605,
                    75
                ],
                [
                    67,
                    398
                ]
            ],
            "classification_report": "              precision    recall  f1-score   support\n\n           0       0.97      0.97      0.97      2680\n           1       0.84      0.86      0.85       465\n\n    accuracy                           0.95      3145\n   macro avg       0.91      0.91      0.91      3145\nweighted avg       0.96      0.95      0.96      3145\n"
        }
    },
    "xgboost": {
        "validation": {
            "precision": 0.8590909090909091,
            "f1": 0.8353591160220994,
            "recall": 0.8129032258064516,
            "confusion_matrix": [
                [
                    2643,
                    62
                ],
                [
                    87,
                    378
                ]
            ],
            "classification_report": "              precision    recall  f1-score   support\n\n           0       0.97      0.98      0.97      2705\n           1       0.86      0.81      0.84       465\n\n    accuracy                           0.95      3170\n   macro avg       0.91      0.89      0.90      3170\nweighted avg       0.95      0.95      0.95      3170\n"
        },
        "test": {
            "precision": 0.8219461697722568,
            "f1": 0.8375527426160337,
            "recall": 0.853763440860215,
            "confusion_matrix": [
                [
                    2594,
                    86
                ],
                [
                    68,
                    397
                ]
            ],
            "classification_report": "              precision    recall  f1-score   support\n\n           0       0.97      0.97      0.97      2680\n           1       0.82      0.85      0.84       465\n\n    accuracy                           0.95      3145\n   macro avg       0.90      0.91      0.90      3145\nweighted avg       0.95      0.95      0.95      3145\n"
        }
    }
}